Experiment_ID,Source_ID,Powder_Size_um,Laser_Spot_um,Laser_Power_W,Scanning_Speed_mm_s,Hatch_Distance_um,Layer_Thickness_um,Hatch_Distance_mm,Layer_Thickness_mm,VED_J_mm3,Gauge_Area_mm2,Gauge_Length_mm,UTS_MPa,YS_MPa,Elongation_pct,Reference
1,REF_01,34.0,70,157,225,100,50,0.1,0.05,139.55555555555554,18.0,35.0,1117.0,967.0,8.9,"[1] M. Simonelli, Y.Y. Tse, C. Tuck, Effect of the build orientation on the mechanical properties and fracture modes of SLM Ti–6Al–4V, Materials Science and Engineering: A, 616 (2014) 1-11."
2,REF_02,34.0,200,280,1200,140,60,0.14,0.06,27.77777777777777,7.0,10.0,1228.0,1156.0,8.5,"[2] Z. Liang, Z. Sun, W. Zhang, S. Wu, H. Chang, The effect of heat treatment on microstructure evolution and tensile properties of selective laser melted Ti6Al4V alloy, Journal of Alloys and Compounds, 782 (2019) 1041-1048."
3,REF_03,31.9,60,70,620,82,30,0.082,0.03,45.89562024652504,8.0,20.0,1100.0,907.0,11.0,"[3] J. Liu, Q. Sun, C.a. Zhou, X. Wang, H. Li, K. Guo, J. Sun, Achieving Ti6Al4V alloys with both high strength and ductility via selective laser melting, Materials Science and Engineering: A, 766 (2019)."
4,REF_03,31.9,60,79,620,82,30,0.082,0.03,51.796485706792545,8.0,20.0,1166.0,941.0,10.8,"[3] J. Liu, Q. Sun, C.a. Zhou, X. Wang, H. Li, K. Guo, J. Sun, Achieving Ti6Al4V alloys with both high strength and ductility via selective laser melting, Materials Science and Engineering: A, 766 (2019)."
5,REF_03,31.9,60,88,620,82,30,0.082,0.03,57.697351167060056,8.0,20.0,1184.0,941.0,7.8,"[3] J. Liu, Q. Sun, C.a. Zhou, X. Wang, H. Li, K. Guo, J. Sun, Achieving Ti6Al4V alloys with both high strength and ductility via selective laser melting, Materials Science and Engineering: A, 766 (2019)."
6,REF_03,31.9,60,97,620,82,30,0.082,0.03,63.59821662732756,8.0,20.0,1174.0,957.0,7.0,"[3] J. Liu, Q. Sun, C.a. Zhou, X. Wang, H. Li, K. Guo, J. Sun, Achieving Ti6Al4V alloys with both high strength and ductility via selective laser melting, Materials Science and Engineering: A, 766 (2019)."
7,REF_03,31.9,60,106,620,82,30,0.082,0.03,69.49908208759507,8.0,20.0,1159.0,850.0,6.7,"[3] J. Liu, Q. Sun, C.a. Zhou, X. Wang, H. Li, K. Guo, J. Sun, Achieving Ti6Al4V alloys with both high strength and ductility via selective laser melting, Materials Science and Engineering: A, 766 (2019)."
8,REF_03,31.9,60,88,496,82,30,0.082,0.03,72.12168895882506,8.0,20.0,1201.0,959.0,5.8,"[3] J. Liu, Q. Sun, C.a. Zhou, X. Wang, H. Li, K. Guo, J. Sun, Achieving Ti6Al4V alloys with both high strength and ductility via selective laser melting, Materials Science and Engineering: A, 766 (2019)."
9,REF_03,31.9,60,88,558,82,30,0.082,0.03,64.10816796340006,8.0,20.0,1200.0,983.0,6.6,"[3] J. Liu, Q. Sun, C.a. Zhou, X. Wang, H. Li, K. Guo, J. Sun, Achieving Ti6Al4V alloys with both high strength and ductility via selective laser melting, Materials Science and Engineering: A, 766 (2019)."
10,REF_03,31.9,60,88,682,82,30,0.082,0.03,52.45213742460005,8.0,20.0,1193.0,1027.0,9.7,"[3] J. Liu, Q. Sun, C.a. Zhou, X. Wang, H. Li, K. Guo, J. Sun, Achieving Ti6Al4V alloys with both high strength and ductility via selective laser melting, Materials Science and Engineering: A, 766 (2019)."
11,REF_03,31.9,60,88,744,82,30,0.082,0.03,48.08112597255005,8.0,20.0,1179.0,914.0,10.2,"[3] J. Liu, Q. Sun, C.a. Zhou, X. Wang, H. Li, K. Guo, J. Sun, Achieving Ti6Al4V alloys with both high strength and ductility via selective laser melting, Materials Science and Engineering: A, 766 (2019)."
12,REF_04,34.0,100,280,1200,50,50,0.05,0.05,93.33333333333333,20.0,10.0,1065.0,1241.0,6.0,"[4] X. Yan, S. Yin, C. Chen, C. Huang, R. Bolot, R. Lupoi, M. Kuang, W. Ma, C. Coddet, H. Liao, M. Liu, Effect of heat treatment on the phase transformation and mechanical properties of Ti6Al4V fabricated by selective laser melting, Journal of Alloys and Compounds, 764 (2018) 1056-1071."
13,REF_05,40.0,88,375,858,120,60,0.12,0.06,60.70318570318571,5.0,25.0,1241.0,1141.0,6.5,"[5] Y. Xu, D. Zhang, Y. Guo, S. Hu, X. Wu, Y. Jiang, Microstructural tailoring of As-Selective Laser Melted Ti6Al4V alloy for high mechanical properties, Journal of Alloys and Compounds, 816 (2020)."
14,REF_05,40.0,88,375,1029,120,60,0.12,0.06,50.61548428895368,5.0,25.0,1253.0,1144.0,8.0,"[5] Y. Xu, D. Zhang, Y. Guo, S. Hu, X. Wu, Y. Jiang, Microstructural tailoring of As-Selective Laser Melted Ti6Al4V alloy for high mechanical properties, Journal of Alloys and Compounds, 816 (2020)."
15,REF_05,40.0,88,375,1160,120,60,0.12,0.06,44.89942528735633,5.0,25.0,1250.0,1135.0,8.0,"[5] Y. Xu, D. Zhang, Y. Guo, S. Hu, X. Wu, Y. Jiang, Microstructural tailoring of As-Selective Laser Melted Ti6Al4V alloy for high mechanical properties, Journal of Alloys and Compounds, 816 (2020)."
16,REF_05,40.0,88,375,1029,100,60,0.1,0.06,60.73858114674441,5.0,25.0,1268.0,1162.0,5.0,"[5] Y. Xu, D. Zhang, Y. Guo, S. Hu, X. Wu, Y. Jiang, Microstructural tailoring of As-Selective Laser Melted Ti6Al4V alloy for high mechanical properties, Journal of Alloys and Compounds, 816 (2020)."
17,REF_05,40.0,88,375,1235,100,60,0.1,0.06,50.607287449392715,5.0,25.0,1252.0,1144.0,6.0,"[5] Y. Xu, D. Zhang, Y. Guo, S. Hu, X. Wu, Y. Jiang, Microstructural tailoring of As-Selective Laser Melted Ti6Al4V alloy for high mechanical properties, Journal of Alloys and Compounds, 816 (2020)."
18,REF_05,40.0,88,375,1392,100,60,0.1,0.06,44.89942528735632,5.0,25.0,1257.0,1138.0,8.3,"[5] Y. Xu, D. Zhang, Y. Guo, S. Hu, X. Wu, Y. Jiang, Microstructural tailoring of As-Selective Laser Melted Ti6Al4V alloy for high mechanical properties, Journal of Alloys and Compounds, 816 (2020)."
19,REF_05,40.0,88,375,643,120,80,0.12,0.08,60.75038880248834,5.0,25.0,1297.0,1206.0,1.5,"[5] Y. Xu, D. Zhang, Y. Guo, S. Hu, X. Wu, Y. Jiang, Microstructural tailoring of As-Selective Laser Melted Ti6Al4V alloy for high mechanical properties, Journal of Alloys and Compounds, 816 (2020)."
20,REF_05,40.0,88,375,772,120,80,0.12,0.08,50.59909326424871,5.0,25.0,1280.0,1177.0,3.5,"[5] Y. Xu, D. Zhang, Y. Guo, S. Hu, X. Wu, Y. Jiang, Microstructural tailoring of As-Selective Laser Melted Ti6Al4V alloy for high mechanical properties, Journal of Alloys and Compounds, 816 (2020)."
21,REF_05,40.0,88,375,870,120,80,0.12,0.08,44.89942528735632,5.0,25.0,1280.0,1171.0,4.0,"[5] Y. Xu, D. Zhang, Y. Guo, S. Hu, X. Wu, Y. Jiang, Microstructural tailoring of As-Selective Laser Melted Ti6Al4V alloy for high mechanical properties, Journal of Alloys and Compounds, 816 (2020)."
22,REF_05,40.0,88,280,1250,120,30,0.12,0.03,62.22222222222222,5.0,25.0,1079.0,982.0,10.5,"[5] Y. Xu, D. Zhang, Y. Guo, S. Hu, X. Wu, Y. Jiang, Microstructural tailoring of As-Selective Laser Melted Ti6Al4V alloy for high mechanical properties, Journal of Alloys and Compounds, 816 (2020)."
23,REF_06,30.0,55,125,1000,100,20,0.1,0.02,62.5,12.0,25.0,1180.0,1060.0,8.0,"[6] H. Jaber, J. Kónya, T. Anna Kovács, Selective Laser Melting of Ti6Al4V-2%Hydroxyapatite Composites: Manufacturing Behavior and Microstructure Evolution, Metals, 11(8) (2021)."
24,REF_07,33.8,100,280,1200,50,50,0.05,0.05,93.33333333333333,2.0,5.0,1261.0,1050.0,10.0,"[7] C. Huang, X. Yan, L. Zhao, M. Liu, W. Ma, W. Wang, J. Soete, A. Simar, Ductilization of selective laser melted Ti6Al4V alloy by friction stir processing, Materials Science and Engineering: A, 755 (2019) 85-96."
25,REF_08,45.0,65,400,220,80,60,0.08,0.06,378.78787878787875,24.0,19.0,948.0,798.0,8.0,"[8] D.A. Renzo, E. Sgambitterra, C. Maletta, F. Furgiuele, C.A. Biffi, J. Fiocchi, A. Tuissi, Multiaxial fatigue behavior of SLM Ti6Al4V alloy under different loading conditions, Fatigue & Fracture of Engineering Materials & Structures, 44(10) (2021) 2625-2642."
26,REF_09,42.0,100,80,400,60,40,0.06,0.04,83.33333333333334,10.0,20.0,1140.0,1077.0,7.7,"[9] Z. Zhou, Y. Liu, X. Liu, Q. Zhan, K. Wang, Microstructure evolution and mechanical properties of in-situ Ti6Al4V–TiB composites manufactured by selective laser melting, Composites Part B: Engineering, 207 (2021)."
27,REF_10,31.9,60,145,1000,82,30,0.082,0.03,58.94308943089431,20.0,45.0,1215.0,1046.0,11.8,"[10] W. Cai, Q. Song, H. Ji, M.K. Gupta, Multi-Perspective Analysis of Building Orientation Effects on Microstructure, Mechanical and Surface Properties of SLM Ti6Al4V with Specific Geometry, Materials, 14(16) (2021)."
28,REF_11,35.0,100,280,1200,140,30,0.14,0.03,55.55555555555554,2.5,6.5,1147.0,950.0,9.1,"[11] D. Kong, D. Zhao, G. Zhu, X. Ni, L. Zhang, W. Wu, C. Man, Y. Zhou, C. Dong, B. Sun, Heat treatment effects on the hydrogen embrittlement of Ti6Al4V fabricated by laser beam powder bed fusion, Additive Manufacturing, 50 (2022)."
29,REF_12,30.0,100,350,800,80,40,0.08,0.04,136.71875,25.0,33.25,1180.0,1091.0,3.0,"[12] W. Diao , L. Du , Y.  Wang, H.  Zhou  J. Sun, Anisotropy of Ti6Al4V Alloy Fabricated by Selective Laser Melting, Chinese Journal of Materials Research, 36(03) (2022) 231-240."
30,REF_13,38.0,100,280,1200,140,30,0.14,0.03,55.55555555555554,20.0,25.0,1371.0,1255.0,7.3,"[13] L. Liu, Study on the formability and mechanical behavior of TC4 titanium alloy and its lattice structure by laser selective melting, Shandong university, 2020."
31,REF_14,40.0,88,250,1428,70,50,0.07,0.05,50.02000800320127,20.0,25.0,931.0,829.0,1.8,"[14] J. Huang, Study of microstructure and properties of TC4 alloy by Selective Laser Melting, Nanchang Hangkong University, 2018."
32,REF_14,40.0,88,300,2000,60,50,0.06,0.05,50.0,20.0,25.0,914.0,800.0,1.7,"[14] J. Huang, Study of microstructure and properties of TC4 alloy by Selective Laser Melting, Nanchang Hangkong University, 2018."
33,REF_14,40.0,88,400,2000,80,50,0.08,0.05,50.0,20.0,25.0,1120.0,1017.0,2.1,"[14] J. Huang, Study of microstructure and properties of TC4 alloy by Selective Laser Melting, Nanchang Hangkong University, 2018."
34,REF_14,40.0,88,400,2000,70,50,0.07,0.05,57.142857142857146,20.0,25.0,1000.0,886.0,1.9,"[14] J. Huang, Study of microstructure and properties of TC4 alloy by Selective Laser Melting, Nanchang Hangkong University, 2018."
35,REF_15,29.35,100,240,1200,100,30,0.1,0.03,66.66666666666667,8.0,16.0,1287.0,1046.0,10.1,"[15] Q. Li, Study on process and properties of medical porous Ti6Al4V (ELI) alloy formed by SLM, South China University of Technology, 2019."
36,REF_15,29.35,100,240,1200,120,30,0.12,0.03,55.55555555555555,8.0,16.0,1266.0,1038.0,10.0,"[15] Q. Li, Study on process and properties of medical porous Ti6Al4V (ELI) alloy formed by SLM, South China University of Technology, 2019."
37,REF_15,29.35,100,240,1200,140,30,0.14,0.03,47.61904761904761,8.0,16.0,1256.0,1035.0,10.8,"[15] Q. Li, Study on process and properties of medical porous Ti6Al4V (ELI) alloy formed by SLM, South China University of Technology, 2019."
38,REF_15,29.35,100,240,1200,160,30,0.16,0.03,41.66666666666667,8.0,16.0,1250.0,972.0,9.4,"[15] Q. Li, Study on process and properties of medical porous Ti6Al4V (ELI) alloy formed by SLM, South China University of Technology, 2019."
39,REF_15,29.35,100,240,1200,180,30,0.18,0.03,37.03703703703704,8.0,16.0,1187.0,920.0,6.9,"[15] Q. Li, Study on process and properties of medical porous Ti6Al4V (ELI) alloy formed by SLM, South China University of Technology, 2019."
40,REF_16,38.0,100,280,1000,140,30,0.14,0.03,66.66666666666666,28.0,18.0,1070.0,929.0,13.6,"[16] Y. Shang, Microstructure adjustments and performance optimization of Ti6Al4V alloy processed by selective laser melting, Beijing University Of Technology, 2017."
41,REF_16,38.0,100,280,1100,140,30,0.14,0.03,60.606060606060595,28.0,18.0,1060.0,904.0,18.5,"[16] Y. Shang, Microstructure adjustments and performance optimization of Ti6Al4V alloy processed by selective laser melting, Beijing University Of Technology, 2017."
42,REF_16,38.0,100,280,1200,140,30,0.14,0.03,55.55555555555554,28.0,18.0,1066.0,905.0,16.5,"[16] Y. Shang, Microstructure adjustments and performance optimization of Ti6Al4V alloy processed by selective laser melting, Beijing University Of Technology, 2017."
43,REF_16,38.0,100,280,1300,140,30,0.14,0.03,51.28205128205128,28.0,18.0,1113.0,953.0,13.8,"[16] Y. Shang, Microstructure adjustments and performance optimization of Ti6Al4V alloy processed by selective laser melting, Beijing University Of Technology, 2017."
44,REF_16,38.0,100,280,1400,140,30,0.14,0.03,47.61904761904761,28.0,18.0,1176.0,1018.0,11.2,"[16] Y. Shang, Microstructure adjustments and performance optimization of Ti6Al4V alloy processed by selective laser melting, Beijing University Of Technology, 2017."
45,REF_16,38.0,100,200,1200,140,30,0.14,0.03,39.68253968253968,28.0,18.0,1186.0,1020.0,11.2,"[16] Y. Shang, Microstructure adjustments and performance optimization of Ti6Al4V alloy processed by selective laser melting, Beijing University Of Technology, 2017."
46,REF_16,38.0,100,240,1200,140,30,0.14,0.03,47.61904761904761,28.0,18.0,1179.0,1043.0,13.0,"[16] Y. Shang, Microstructure adjustments and performance optimization of Ti6Al4V alloy processed by selective laser melting, Beijing University Of Technology, 2017."
47,REF_16,38.0,100,320,1200,140,30,0.14,0.03,63.49206349206348,28.0,18.0,1155.0,1009.0,12.5,"[16] Y. Shang, Microstructure adjustments and performance optimization of Ti6Al4V alloy processed by selective laser melting, Beijing University Of Technology, 2017."
48,REF_16,38.0,100,360,1200,140,30,0.14,0.03,71.42857142857142,28.0,18.0,1160.0,1025.0,12.0,"[16] Y. Shang, Microstructure adjustments and performance optimization of Ti6Al4V alloy processed by selective laser melting, Beijing University Of Technology, 2017."
49,REF_17,27.0,100,194,1200,80,20,0.08,0.02,101.04166666666667,8.0,23.0,1055.0,854.0,3.7,"[17] J. Han, Research on anisotropy of Ti6Al4V alloy fabricated by selective laser melting, Huazhong University of Science & Technology, 2016."
50,REF_17,27.0,100,194,1000,80,20,0.08,0.02,121.25,8.0,23.0,1126.0,895.0,4.0,"[17] J. Han, Research on anisotropy of Ti6Al4V alloy fabricated by selective laser melting, Huazhong University of Science & Technology, 2016."
51,REF_17,27.0,100,194,1000,70,20,0.07,0.02,138.57142857142856,8.0,23.0,1268.0,1053.0,4.4,"[17] J. Han, Research on anisotropy of Ti6Al4V alloy fabricated by selective laser melting, Huazhong University of Science & Technology, 2016."
52,REF_17,27.0,100,194,600,70,20,0.07,0.02,230.9523809523809,8.0,23.0,1310.0,1128.0,5.4,"[17] J. Han, Research on anisotropy of Ti6Al4V alloy fabricated by selective laser melting, Huazhong University of Science & Technology, 2016."
53,REF_18,58.0,55,125,705,80,20,0.08,0.02,110.81560283687945,7.0,18.0,1103.8,1039.4,10.4,"[18] W. Li, T. Jin, X. Fang, T. Ma, J. Zheng, Effect of Laser Scanning Speed on Microstructure and Properties of TC4 Titanium Alloy Formed by SLM, Heat Treatment of Metals, 52(01) (2023) 28-32+37."
54,REF_18,58.0,55,125,805,80,20,0.08,0.02,97.04968944099379,7.0,18.0,1077.2,1026.5,8.8,"[18] W. Li, T. Jin, X. Fang, T. Ma, J. Zheng, Effect of Laser Scanning Speed on Microstructure and Properties of TC4 Titanium Alloy Formed by SLM, Heat Treatment of Metals, 52(01) (2023) 28-32+37."
55,REF_18,58.0,55,125,905,80,20,0.08,0.02,86.32596685082872,7.0,18.0,1078.2,1017.2,10.0,"[18] W. Li, T. Jin, X. Fang, T. Ma, J. Zheng, Effect of Laser Scanning Speed on Microstructure and Properties of TC4 Titanium Alloy Formed by SLM, Heat Treatment of Metals, 52(01) (2023) 28-32+37."
56,REF_18,58.0,55,125,1005,80,20,0.08,0.02,77.7363184079602,7.0,18.0,1071.4,982.3,9.9,"[18] W. Li, T. Jin, X. Fang, T. Ma, J. Zheng, Effect of Laser Scanning Speed on Microstructure and Properties of TC4 Titanium Alloy Formed by SLM, Heat Treatment of Metals, 52(01) (2023) 28-32+37."
57,REF_18,58.0,55,125,1105,80,20,0.08,0.02,70.70135746606334,7.0,18.0,1054.1,978.3,8.0,"[18] W. Li, T. Jin, X. Fang, T. Ma, J. Zheng, Effect of Laser Scanning Speed on Microstructure and Properties of TC4 Titanium Alloy Formed by SLM, Heat Treatment of Metals, 52(01) (2023) 28-32+37."
58,REF_19,32.0,100,325,1000,120,40,0.12,0.04,67.70833333333334,28.0,36.0,1239.3,1154.7,4.0,"[19] M. Xiao, L. Ke, C. Lai, E. Dou, L. Du, High-temperature tensile properties and fracture morphology analysis of TC4 titanium alloy formed by Selective Laser Melting, Applied Laser, 41(02) (2021) 350-356."
59,REF_20,37.0,120,225,1000,80,30,0.08,0.03,93.75,6.0,15.0,1042.0,961.0,8.1,"[20] J. Gao, The microstructures and mechanical properties at different forming positions of a box-shaped TC4 alloy part fabricated by Selective Laser Melting, Northeastern University, 2019."
60,REF_21,32.9,120,270,1100,120,30,0.12,0.03,68.18181818181819,18.0,27.0,1340.0,1200.0,1.5,"[21] M. Qi, Microstructures and mechanical properties of Ti-6Al-4V alloy fabricated by selective laser melting, Northeastern University, 2019."
61,REF_21,41.2,120,225,1000,120,30,0.12,0.03,62.50000000000001,18.0,27.0,1064.0,932.0,10.9,"[21] M. Qi, Microstructures and mechanical properties of Ti-6Al-4V alloy fabricated by selective laser melting, Northeastern University, 2019."
62,REF_22,40.41,70,280,1800,65,40,0.065,0.04,59.82905982905983,30.0,50.0,1134.0,948.0,7.8,"[22] T. Yan, B. Chen, X. Ji, S. Guo, Influence of hot isostatic pressing on microstructure,properties and deformability of selective laser melting TC4 alloy, China Foundry, 18(04) (2021) 389-396."
63,REF_23,70.0,100,150,500,60,35,0.06,0.035,142.85714285714286,5.0,7.5,1204.38,1346.21,11.4,"[23] S. Zhang, Research on the forming processes and properties in Selective Laser Melting of medical alloy powders, Huazhong Univesity of Science and Technology, 2014."
64,REF_24,60.0,70,150,1000,60,30,0.06,0.03,83.33333333333334,3.0,15.0,1484.9,1550.0,2.6,"[24] L. Lei, Microstructure and properties of Ti6Al4V alloy and its composites formed by Selective Laser Melting, Harbin Engineering University, 2021."
65,REF_24,60.0,70,200,1000,60,30,0.06,0.03,111.11111111111113,3.0,15.0,1283.6,1280.0,5.1,"[24] L. Lei, Microstructure and properties of Ti6Al4V alloy and its composites formed by Selective Laser Melting, Harbin Engineering University, 2021."
66,REF_24,60.0,70,250,1000,60,30,0.06,0.03,138.8888888888889,3.0,15.0,1305.6,1350.0,1.6,"[24] L. Lei, Microstructure and properties of Ti6Al4V alloy and its composites formed by Selective Laser Melting, Harbin Engineering University, 2021."
67,REF_24,60.0,70,300,1000,60,30,0.06,0.03,166.66666666666669,3.0,15.0,1241.9,1180.0,2.4,"[24] L. Lei, Microstructure and properties of Ti6Al4V alloy and its composites formed by Selective Laser Melting, Harbin Engineering University, 2021."
68,REF_24,60.0,70,200,600,60,30,0.06,0.03,185.18518518518516,3.0,15.0,1200.7,1600.0,5.9,"[24] L. Lei, Microstructure and properties of Ti6Al4V alloy and its composites formed by Selective Laser Melting, Harbin Engineering University, 2021."
69,REF_24,60.0,70,200,800,60,30,0.06,0.03,138.88888888888889,3.0,15.0,1264.1,1700.0,8.0,"[24] L. Lei, Microstructure and properties of Ti6Al4V alloy and its composites formed by Selective Laser Melting, Harbin Engineering University, 2021."
70,REF_25,40.0,88,375,858,120,60,0.12,0.06,60.70318570318571,5.0,90.0,1241.0,1141.0,6.5,"[25] Y. Xu, Mechanical properties tailoring of porous structure using topology optimization and Selective Laser Melting, Beijing University Of Technology, 2019."
71,REF_25,40.0,88,375,1029,120,60,0.12,0.06,50.61548428895368,5.0,90.0,1253.0,1144.0,8.0,"[25] Y. Xu, Mechanical properties tailoring of porous structure using topology optimization and Selective Laser Melting, Beijing University Of Technology, 2019."
72,REF_25,40.0,88,375,1160,120,60,0.12,0.06,44.89942528735633,5.0,90.0,1250.0,1135.0,8.0,"[25] Y. Xu, Mechanical properties tailoring of porous structure using topology optimization and Selective Laser Melting, Beijing University Of Technology, 2019."
73,REF_25,40.0,88,375,1029,120,60,0.12,0.06,50.61548428895368,5.0,90.0,1268.0,1162.0,5.0,"[25] Y. Xu, Mechanical properties tailoring of porous structure using topology optimization and Selective Laser Melting, Beijing University Of Technology, 2019."
74,REF_25,40.0,88,375,1235,120,60,0.12,0.06,42.172739541160595,5.0,90.0,1252.0,1144.0,6.0,"[25] Y. Xu, Mechanical properties tailoring of porous structure using topology optimization and Selective Laser Melting, Beijing University Of Technology, 2019."
75,REF_25,40.0,88,375,1392,120,60,0.12,0.06,37.4161877394636,5.0,90.0,1257.0,1138.0,8.3,"[25] Y. Xu, Mechanical properties tailoring of porous structure using topology optimization and Selective Laser Melting, Beijing University Of Technology, 2019."
76,REF_25,40.0,88,375,643,120,80,0.12,0.08,60.75038880248834,5.0,90.0,1297.0,1206.0,1.5,"[25] Y. Xu, Mechanical properties tailoring of porous structure using topology optimization and Selective Laser Melting, Beijing University Of Technology, 2019."
77,REF_25,40.0,88,375,772,120,80,0.12,0.08,50.59909326424871,5.0,90.0,1280.0,1177.0,3.5,"[25] Y. Xu, Mechanical properties tailoring of porous structure using topology optimization and Selective Laser Melting, Beijing University Of Technology, 2019."
78,REF_25,40.0,88,375,870,120,80,0.12,0.08,44.89942528735632,5.0,90.0,1280.0,1171.0,4.0,"[25] Y. Xu, Mechanical properties tailoring of porous structure using topology optimization and Selective Laser Melting, Beijing University Of Technology, 2019."
79,REF_26,34.2,80,68,620,80,30,0.08,0.03,45.6989247311828,8.0,20.0,990.0,918.18,10.2,"[26] M. Song, Effect of Laser Selective Melting process and subsequent heat treatment on microstructure and properties of Ti-6Al-4V, Shandong University, 2021."
80,REF_26,34.2,80,88,620,80,30,0.08,0.03,59.13978494623656,8.0,20.0,878.0,770.0,7.2,"[26] M. Song, Effect of Laser Selective Melting process and subsequent heat treatment on microstructure and properties of Ti-6Al-4V, Shandong University, 2021."
81,REF_26,34.2,80,108,620,80,30,0.08,0.03,72.58064516129032,8.0,20.0,1037.0,920.0,7.2,"[26] M. Song, Effect of Laser Selective Melting process and subsequent heat treatment on microstructure and properties of Ti-6Al-4V, Shandong University, 2021."
82,REF_26,34.2,80,128,620,80,30,0.08,0.03,86.02150537634408,8.0,20.0,968.0,900.0,8.7,"[26] M. Song, Effect of Laser Selective Melting process and subsequent heat treatment on microstructure and properties of Ti-6Al-4V, Shandong University, 2021."
83,REF_26,34.2,80,148,620,80,30,0.08,0.03,99.46236559139786,8.0,20.0,905.0,767.0,7.4,"[26] M. Song, Effect of Laser Selective Melting process and subsequent heat treatment on microstructure and properties of Ti-6Al-4V, Shandong University, 2021."
84,REF_26,34.2,80,108,520,80,30,0.08,0.03,86.53846153846153,8.0,20.0,794.0,692.86,6.8,"[26] M. Song, Effect of Laser Selective Melting process and subsequent heat treatment on microstructure and properties of Ti-6Al-4V, Shandong University, 2021."
85,REF_26,34.2,80,108,570,80,30,0.08,0.03,78.94736842105264,8.0,20.0,937.0,769.23,7.9,"[26] M. Song, Effect of Laser Selective Melting process and subsequent heat treatment on microstructure and properties of Ti-6Al-4V, Shandong University, 2021."
86,REF_26,34.2,80,108,670,80,30,0.08,0.03,67.16417910447761,8.0,20.0,866.0,757.14,7.1,"[26] M. Song, Effect of Laser Selective Melting process and subsequent heat treatment on microstructure and properties of Ti-6Al-4V, Shandong University, 2021."
87,REF_26,34.2,80,108,720,80,30,0.08,0.03,62.5,8.0,20.0,845.0,714.29,8.0,"[26] M. Song, Effect of Laser Selective Melting process and subsequent heat treatment on microstructure and properties of Ti-6Al-4V, Shandong University, 2021."
88,REF_26,34.2,80,108,620,60,30,0.06,0.03,96.7741935483871,8.0,20.0,952.0,754.0,6.8,"[26] M. Song, Effect of Laser Selective Melting process and subsequent heat treatment on microstructure and properties of Ti-6Al-4V, Shandong University, 2021."
89,REF_26,34.2,80,108,620,70,30,0.07,0.03,82.94930875576037,8.0,20.0,939.0,788.0,8.2,"[26] M. Song, Effect of Laser Selective Melting process and subsequent heat treatment on microstructure and properties of Ti-6Al-4V, Shandong University, 2021."
90,REF_26,34.2,80,108,620,90,30,0.09,0.03,64.51612903225806,8.0,20.0,921.0,757.0,7.3,"[26] M. Song, Effect of Laser Selective Melting process and subsequent heat treatment on microstructure and properties of Ti-6Al-4V, Shandong University, 2021."
91,REF_26,34.2,80,108,620,100,30,0.1,0.03,58.06451612903226,8.0,20.0,813.0,643.0,7.4,"[26] M. Song, Effect of Laser Selective Melting process and subsequent heat treatment on microstructure and properties of Ti-6Al-4V, Shandong University, 2021."
92,REF_27,27.8,70,240,1080,95,60,0.095,0.06,38.98635477582846,4.5,15.0,1184.0,1081.0,8.0,"[27] W. Duan, Temperature Ffield simulation, defect, microstructure and mechanical property of TC4 alloy by Selective Laser Melting, Huazhong Univesity of Science and Technology, 2020."
93,REF_27,27.8,70,240,360,95,60,0.095,0.06,116.95906432748538,4.5,15.0,1059.0,807.0,9.0,"[27] W. Duan, Temperature Ffield simulation, defect, microstructure and mechanical property of TC4 alloy by Selective Laser Melting, Huazhong Univesity of Science and Technology, 2020."
94,REF_27,27.8,70,240,1440,95,60,0.095,0.06,29.239766081871345,4.5,15.0,1055.0,913.0,8.7,"[27] W. Duan, Temperature Ffield simulation, defect, microstructure and mechanical property of TC4 alloy by Selective Laser Melting, Huazhong Univesity of Science and Technology, 2020."
95,REF_28,31.9,80,275,800,82,60,0.082,0.06,69.86788617886178,12.0,32.0,1020.8,942.319269877758,10.69696,"[28] Q. Luo, L. Yin, T.W. Simpson, A.M. Beese, Dataset of process-structure-property feature relationship for laser powder bed fusion additive manufactured Ti-6Al-4V material, Data in Brief, 46 (2023)."
96,REF_28,31.9,80,275,760,82,60,0.082,0.06,73.5451433461703,12.0,32.0,1008.24079320832,930.618661784264,9.19412,"[28] Q. Luo, L. Yin, T.W. Simpson, A.M. Beese, Dataset of process-structure-property feature relationship for laser powder bed fusion additive manufactured Ti-6Al-4V material, Data in Brief, 46 (2023)."
97,REF_28,31.9,80,275,720,82,60,0.082,0.06,77.63098464317977,12.0,32.0,991.755547578222,903.926119255527,8.9837,"[28] Q. Luo, L. Yin, T.W. Simpson, A.M. Beese, Dataset of process-structure-property feature relationship for laser powder bed fusion additive manufactured Ti-6Al-4V material, Data in Brief, 46 (2023)."
98,REF_28,31.9,80,275,680,82,60,0.082,0.06,82.1975131516021,12.0,32.0,1009.01618145961,928.727185037163,8.497375,"[28] Q. Luo, L. Yin, T.W. Simpson, A.M. Beese, Dataset of process-structure-property feature relationship for laser powder bed fusion additive manufactured Ti-6Al-4V material, Data in Brief, 46 (2023)."
99,REF_28,31.9,80,275,640,82,60,0.082,0.06,87.33485772357723,12.0,32.0,994.568773033802,913.568758646164,7.22534,"[28] Q. Luo, L. Yin, T.W. Simpson, A.M. Beese, Dataset of process-structure-property feature relationship for laser powder bed fusion additive manufactured Ti-6Al-4V material, Data in Brief, 46 (2023)."
100,REF_28,31.9,80,275,600,82,60,0.082,0.06,93.15718157181571,12.0,32.0,982.178202860091,891.821502285125,6.9505,"[28] Q. Luo, L. Yin, T.W. Simpson, A.M. Beese, Dataset of process-structure-property feature relationship for laser powder bed fusion additive manufactured Ti-6Al-4V material, Data in Brief, 46 (2023)."
101,REF_28,31.9,80,275,840,82,60,0.082,0.06,66.54084397986836,12.0,32.0,1037.95662580198,960.043300307502,10.75688,"[28] Q. Luo, L. Yin, T.W. Simpson, A.M. Beese, Dataset of process-structure-property feature relationship for laser powder bed fusion additive manufactured Ti-6Al-4V material, Data in Brief, 46 (2023)."
102,REF_28,31.9,80,275,880,82,60,0.082,0.06,63.51626016260164,12.0,32.0,1052.6,974.1564,11.86782,"[28] Q. Luo, L. Yin, T.W. Simpson, A.M. Beese, Dataset of process-structure-property feature relationship for laser powder bed fusion additive manufactured Ti-6Al-4V material, Data in Brief, 46 (2023)."
103,REF_28,31.9,80,275,920,82,60,0.082,0.06,60.754683633792865,12.0,32.0,1057.75,984.25,12.353325,"[28] Q. Luo, L. Yin, T.W. Simpson, A.M. Beese, Dataset of process-structure-property feature relationship for laser powder bed fusion additive manufactured Ti-6Al-4V material, Data in Brief, 46 (2023)."
104,REF_28,31.9,80,275,960,82,60,0.082,0.06,58.22323848238483,12.0,32.0,1070.06546723254,994.153375530502,14.02982,"[28] Q. Luo, L. Yin, T.W. Simpson, A.M. Beese, Dataset of process-structure-property feature relationship for laser powder bed fusion additive manufactured Ti-6Al-4V material, Data in Brief, 46 (2023)."
105,REF_28,31.9,80,275,1000,82,60,0.082,0.06,55.894308943089435,12.0,32.0,1081.16190173991,1000.36793934105,13.90582,"[28] Q. Luo, L. Yin, T.W. Simpson, A.M. Beese, Dataset of process-structure-property feature relationship for laser powder bed fusion additive manufactured Ti-6Al-4V material, Data in Brief, 46 (2023)."
106,REF_28,31.9,80,175,800,82,60,0.082,0.06,44.46138211382113,12.0,32.0,1091.14025454672,1025.28552065236,12.3853,"[28] Q. Luo, L. Yin, T.W. Simpson, A.M. Beese, Dataset of process-structure-property feature relationship for laser powder bed fusion additive manufactured Ti-6Al-4V material, Data in Brief, 46 (2023)."
107,REF_28,31.9,80,195,800,82,60,0.082,0.06,49.542682926829265,12.0,32.0,1084.61961161988,1014.33213895183,12.5313,"[28] Q. Luo, L. Yin, T.W. Simpson, A.M. Beese, Dataset of process-structure-property feature relationship for laser powder bed fusion additive manufactured Ti-6Al-4V material, Data in Brief, 46 (2023)."
108,REF_28,31.9,80,215,800,82,60,0.082,0.06,54.62398373983739,12.0,32.0,1076.35675473112,1004.69829966006,12.81644,"[28] Q. Luo, L. Yin, T.W. Simpson, A.M. Beese, Dataset of process-structure-property feature relationship for laser powder bed fusion additive manufactured Ti-6Al-4V material, Data in Brief, 46 (2023)."
109,REF_28,31.9,80,235,800,82,60,0.082,0.06,59.70528455284552,12.0,32.0,1055.8,987.8176,11.86186,"[28] Q. Luo, L. Yin, T.W. Simpson, A.M. Beese, Dataset of process-structure-property feature relationship for laser powder bed fusion additive manufactured Ti-6Al-4V material, Data in Brief, 46 (2023)."
110,REF_28,31.9,80,255,800,82,60,0.082,0.06,64.78658536585365,12.0,32.0,1041.0,965.240119226163,10.71066,"[28] Q. Luo, L. Yin, T.W. Simpson, A.M. Beese, Dataset of process-structure-property feature relationship for laser powder bed fusion additive manufactured Ti-6Al-4V material, Data in Brief, 46 (2023)."
111,REF_28,31.9,80,295,800,82,60,0.082,0.06,74.94918699186991,12.0,32.0,1014.0,940.074577177117,9.28154,"[28] Q. Luo, L. Yin, T.W. Simpson, A.M. Beese, Dataset of process-structure-property feature relationship for laser powder bed fusion additive manufactured Ti-6Al-4V material, Data in Brief, 46 (2023)."
112,REF_28,31.9,80,315,800,82,60,0.082,0.06,80.03048780487804,12.0,32.0,1001.2,926.704553884579,9.70116,"[28] Q. Luo, L. Yin, T.W. Simpson, A.M. Beese, Dataset of process-structure-property feature relationship for laser powder bed fusion additive manufactured Ti-6Al-4V material, Data in Brief, 46 (2023)."
113,REF_28,31.9,80,335,800,82,60,0.082,0.06,85.11178861788618,12.0,32.0,1002.25232102908,922.93306496235,9.32518,"[28] Q. Luo, L. Yin, T.W. Simpson, A.M. Beese, Dataset of process-structure-property feature relationship for laser powder bed fusion additive manufactured Ti-6Al-4V material, Data in Brief, 46 (2023)."
114,REF_28,31.9,80,355,800,82,60,0.082,0.06,90.1930894308943,12.0,32.0,998.395728506787,920.640189576555,9.32042,"[28] Q. Luo, L. Yin, T.W. Simpson, A.M. Beese, Dataset of process-structure-property feature relationship for laser powder bed fusion additive manufactured Ti-6Al-4V material, Data in Brief, 46 (2023)."
115,REF_28,31.9,80,375,800,82,60,0.082,0.06,95.27439024390243,12.0,32.0,995.254769574368,912.865604086548,9.1956,"[28] Q. Luo, L. Yin, T.W. Simpson, A.M. Beese, Dataset of process-structure-property feature relationship for laser powder bed fusion additive manufactured Ti-6Al-4V material, Data in Brief, 46 (2023)."
116,REF_28,31.9,80,135,400,82,60,0.082,0.06,68.59756097560975,12.0,32.0,969.4,894.420606960326,7.57142,"[28] Q. Luo, L. Yin, T.W. Simpson, A.M. Beese, Dataset of process-structure-property feature relationship for laser powder bed fusion additive manufactured Ti-6Al-4V material, Data in Brief, 46 (2023)."
117,REF_28,31.9,80,205,600,82,60,0.082,0.06,69.44444444444444,12.0,32.0,1014.8,935.944699174862,8.02778,"[28] Q. Luo, L. Yin, T.W. Simpson, A.M. Beese, Dataset of process-structure-property feature relationship for laser powder bed fusion additive manufactured Ti-6Al-4V material, Data in Brief, 46 (2023)."
118,REF_28,31.9,80,345,1000,82,60,0.082,0.06,70.1219512195122,12.0,32.0,1038.4,954.889593853757,12.456,"[28] Q. Luo, L. Yin, T.W. Simpson, A.M. Beese, Dataset of process-structure-property feature relationship for laser powder bed fusion additive manufactured Ti-6Al-4V material, Data in Brief, 46 (2023)."
119,REF_28,31.9,80,415,1200,82,60,0.082,0.06,70.29132791327913,12.0,32.0,1054.0,976.735747586636,13.5826,"[28] Q. Luo, L. Yin, T.W. Simpson, A.M. Beese, Dataset of process-structure-property feature relationship for laser powder bed fusion additive manufactured Ti-6Al-4V material, Data in Brief, 46 (2023)."
120,REF_28,31.9,80,485,1400,82,60,0.082,0.06,70.41231126596979,12.0,32.0,1037.25,962.25,7.8835,"[28] Q. Luo, L. Yin, T.W. Simpson, A.M. Beese, Dataset of process-structure-property feature relationship for laser powder bed fusion additive manufactured Ti-6Al-4V material, Data in Brief, 46 (2023)."
121,REF_28,31.9,80,500,1480,82,60,0.082,0.06,68.66622720281256,12.0,32.0,1015.4,945.5028,4.466,"[28] Q. Luo, L. Yin, T.W. Simpson, A.M. Beese, Dataset of process-structure-property feature relationship for laser powder bed fusion additive manufactured Ti-6Al-4V material, Data in Brief, 46 (2023)."
122,REF_28,31.9,80,155,400,82,60,0.082,0.06,78.760162601626,12.0,32.0,964.8,896.6064,5.103,"[28] Q. Luo, L. Yin, T.W. Simpson, A.M. Beese, Dataset of process-structure-property feature relationship for laser powder bed fusion additive manufactured Ti-6Al-4V material, Data in Brief, 46 (2023)."
123,REF_28,31.9,80,235,600,82,60,0.082,0.06,79.60704607046071,12.0,32.0,1003.0,926.156,7.79212,"[28] Q. Luo, L. Yin, T.W. Simpson, A.M. Beese, Dataset of process-structure-property feature relationship for laser powder bed fusion additive manufactured Ti-6Al-4V material, Data in Brief, 46 (2023)."
124,REF_28,31.9,80,395,1000,82,60,0.082,0.06,80.28455284552845,12.0,32.0,1036.0,955.1178,12.39354,"[28] Q. Luo, L. Yin, T.W. Simpson, A.M. Beese, Dataset of process-structure-property feature relationship for laser powder bed fusion additive manufactured Ti-6Al-4V material, Data in Brief, 46 (2023)."
125,REF_28,31.9,80,475,1200,82,60,0.082,0.06,80.45392953929539,12.0,32.0,1054.8,974.7178,12.49554,"[28] Q. Luo, L. Yin, T.W. Simpson, A.M. Beese, Dataset of process-structure-property feature relationship for laser powder bed fusion additive manufactured Ti-6Al-4V material, Data in Brief, 46 (2023)."
126,REF_28,31.9,80,500,1290,82,60,0.082,0.06,78.77985756601753,12.0,32.0,1033.0,959.25,10.8091,"[28] Q. Luo, L. Yin, T.W. Simpson, A.M. Beese, Dataset of process-structure-property feature relationship for laser powder bed fusion additive manufactured Ti-6Al-4V material, Data in Brief, 46 (2023)."
127,REF_28,31.9,80,115,400,82,60,0.082,0.06,58.43495934959349,12.0,32.0,954.0,901.4006,4.376,"[28] Q. Luo, L. Yin, T.W. Simpson, A.M. Beese, Dataset of process-structure-property feature relationship for laser powder bed fusion additive manufactured Ti-6Al-4V material, Data in Brief, 46 (2023)."
128,REF_28,31.9,80,175,600,82,60,0.082,0.06,59.28184281842819,12.0,32.0,1046.0,971.5614,8.552,"[28] Q. Luo, L. Yin, T.W. Simpson, A.M. Beese, Dataset of process-structure-property feature relationship for laser powder bed fusion additive manufactured Ti-6Al-4V material, Data in Brief, 46 (2023)."
129,REF_28,31.9,80,295,1000,82,60,0.082,0.06,59.959349593495936,12.0,32.0,1074.2,992.9166,13.464,"[28] Q. Luo, L. Yin, T.W. Simpson, A.M. Beese, Dataset of process-structure-property feature relationship for laser powder bed fusion additive manufactured Ti-6Al-4V material, Data in Brief, 46 (2023)."
130,REF_28,31.9,80,355,1200,82,60,0.082,0.06,60.12872628726287,12.0,32.0,1074.6,996.9214,14.086,"[28] Q. Luo, L. Yin, T.W. Simpson, A.M. Beese, Dataset of process-structure-property feature relationship for laser powder bed fusion additive manufactured Ti-6Al-4V material, Data in Brief, 46 (2023)."
131,REF_28,31.9,80,475,1600,82,60,0.082,0.06,60.34044715447154,12.0,32.0,960.25,901.5,3.005,"[28] Q. Luo, L. Yin, T.W. Simpson, A.M. Beese, Dataset of process-structure-property feature relationship for laser powder bed fusion additive manufactured Ti-6Al-4V material, Data in Brief, 46 (2023)."
132,REF_28,31.9,80,75,400,82,60,0.082,0.06,38.109756097560975,12.0,32.0,848.6,828.6814,1.262,"[28] Q. Luo, L. Yin, T.W. Simpson, A.M. Beese, Dataset of process-structure-property feature relationship for laser powder bed fusion additive manufactured Ti-6Al-4V material, Data in Brief, 46 (2023)."
133,REF_28,31.9,80,115,600,82,60,0.082,0.06,38.956639566395665,12.0,32.0,1040.4,988.8702,3.05,"[28] Q. Luo, L. Yin, T.W. Simpson, A.M. Beese, Dataset of process-structure-property feature relationship for laser powder bed fusion additive manufactured Ti-6Al-4V material, Data in Brief, 46 (2023)."
134,REF_28,31.9,80,195,1000,82,60,0.082,0.06,39.63414634146341,12.0,32.0,1110.8,1047.3832,14.22,"[28] Q. Luo, L. Yin, T.W. Simpson, A.M. Beese, Dataset of process-structure-property feature relationship for laser powder bed fusion additive manufactured Ti-6Al-4V material, Data in Brief, 46 (2023)."
135,REF_28,31.9,80,235,1200,82,60,0.082,0.06,39.803523035230356,12.0,32.0,1113.0,1047.8316,15.382,"[28] Q. Luo, L. Yin, T.W. Simpson, A.M. Beese, Dataset of process-structure-property feature relationship for laser powder bed fusion additive manufactured Ti-6Al-4V material, Data in Brief, 46 (2023)."
136,REF_28,31.9,80,315,1600,82,60,0.082,0.06,40.01524390243902,12.0,32.0,1078.8,1013.8074,11.768,"[28] Q. Luo, L. Yin, T.W. Simpson, A.M. Beese, Dataset of process-structure-property feature relationship for laser powder bed fusion additive manufactured Ti-6Al-4V material, Data in Brief, 46 (2023)."
137,REF_29,37.7,75,180,1000,85,30,0.085,0.03,70.58823529411765,1.6,8.0,1230.06,1119.67,7.5,"[29] L. Liu, C. Chen, R. Zhao, X. Wang, H. Tao, S. Shuai, J. Wang, H. Liao, Z. Ren, In-situ nitrogen strengthening of selective laser melted Ti6Al4V with superior mechanical performance, Additive Manufacturing, 46 (2021)."
138,REF_29,37.7,75,210,1000,85,30,0.085,0.03,82.3529411764706,1.6,8.0,1242.43,1121.52,7.42,"[29] L. Liu, C. Chen, R. Zhao, X. Wang, H. Tao, S. Shuai, J. Wang, H. Liao, Z. Ren, In-situ nitrogen strengthening of selective laser melted Ti6Al4V with superior mechanical performance, Additive Manufacturing, 46 (2022)."
139,REF_29,37.7,75,240,1000,85,30,0.085,0.03,94.11764705882354,1.6,8.0,1240.82,1173.93,7.83,"[29] L. Liu, C. Chen, R. Zhao, X. Wang, H. Tao, S. Shuai, J. Wang, H. Liao, Z. Ren, In-situ nitrogen strengthening of selective laser melted Ti6Al4V with superior mechanical performance, Additive Manufacturing, 46 (2023)."
140,LAB,37.7,75,240,1000,75,30,0.075,0.03,106.66666666666667,1.6,3.0,1315.0,1106.0,9.598,Experimental data from the laboratory
141,LAB,37.7,75,240,1200,75,30,0.075,0.03,88.8888888888889,1.6,3.0,1282.0,1129.0,12.0,Experimental data from the laboratory
142,LAB,37.7,75,240,1400,75,30,0.075,0.03,76.19047619047619,1.6,3.0,1287.0,1185.0,8.466,Experimental data from the laboratory
143,LAB,37.7,75,240,1600,75,30,0.075,0.03,66.66666666666667,1.6,3.0,1311.0,1168.0,7.569,Experimental data from the laboratory
144,LAB,37.7,75,263,1266,76,30,0.076,0.03,91.11443696128157,2.0,8.0,1082.0,938.0,9.9,Experimental data from the laboratory
145,LAB,37.7,75,282,1000,75,30,0.075,0.03,125.33333333333333,1.6,3.0,1340.0,1225.0,5.145,Experimental data from the laboratory
146,LAB,37.7,75,282,1200,75,30,0.075,0.03,104.44444444444446,1.6,3.0,1311.0,1179.0,8.615,Experimental data from the laboratory
147,LAB,37.7,75,282,1400,75,30,0.075,0.03,89.52380952380953,1.6,3.0,1311.0,1132.0,11.3,Experimental data from the laboratory
148,LAB,37.7,75,282,1600,75,30,0.075,0.03,78.33333333333334,1.6,3.0,1269.0,1107.0,16.17,Experimental data from the laboratory
149,LAB,37.7,75,276,1635,76,30,0.076,0.03,74.03830677611461,2.0,8.0,1028.0,843.0,12.7,Experimental data from the laboratory
150,REF_30,31.9,80,275,1100,120,30,0.12,0.03,69.44444444444444,2.0,8.0,1202.0,931.0,14.82,"[30] G. Chen, Study of microstructure and properties of Ti6Al4V alloy by Selective Laser Melting, Shandong, 2022."
151,REF_31,31.9,80,50,500,80,30,0.08,0.03,41.66666666666667,8.0,25.0,1028.0,889.0,5.86,"[31] S. Wang, TiC/Ti6Al4V composites by selective laser melting and microstructure evolution following different heat treatment, North University of China, 2022."
152,REF_31,31.9,80,60,500,80,30,0.08,0.03,50.0,8.0,25.0,1113.0,985.0,9.27,"[31] S. Wang, TiC/Ti6Al4V composites by selective laser melting and microstructure evolution following different heat treatment, North University of China, 2022."
153,REF_31,31.9,80,70,500,80,30,0.08,0.03,58.333333333333336,8.0,25.0,1154.0,1028.0,7.25,"[31] S. Wang, TiC/Ti6Al4V composites by selective laser melting and microstructure evolution following different heat treatment, North University of China, 2022."
154,REF_31,31.9,80,80,500,80,30,0.08,0.03,66.66666666666667,8.0,25.0,1189.0,1058.0,9.47,"[31] S. Wang, TiC/Ti6Al4V composites by selective laser melting and microstructure evolution following different heat treatment, North University of China, 2022."
155,REF_31,31.9,80,90,500,80,30,0.08,0.03,75.0,8.0,25.0,1195.0,1067.0,6.14,"[31] S. Wang, TiC/Ti6Al4V composites by selective laser melting and microstructure evolution following different heat treatment, North University of China, 2022."
156,REF_31,31.9,80,100,500,80,30,0.08,0.03,83.33333333333334,8.0,25.0,1140.0,1011.0,3.48,"[31] S. Wang, TiC/Ti6Al4V composites by selective laser melting and microstructure evolution following different heat treatment, North University of China, 2022."
157,REF_31,31.9,80,110,500,80,30,0.08,0.03,91.66666666666667,8.0,25.0,1110.0,1002.0,2.58,"[31] S. Wang, TiC/Ti6Al4V composites by selective laser melting and microstructure evolution following different heat treatment, North University of China, 2022."
158,REF_31,31.9,80,120,500,80,30,0.08,0.03,100.0,8.0,25.0,1091.0,969.0,2.01,"[31] S. Wang, TiC/Ti6Al4V composites by selective laser melting and microstructure evolution following different heat treatment, North University of China, 2022."
159,REF_31,31.9,80,130,500,80,30,0.08,0.03,108.33333333333334,8.0,25.0,1088.0,957.0,1.81,"[31] S. Wang, TiC/Ti6Al4V composites by selective laser melting and microstructure evolution following different heat treatment, North University of China, 2022."
160,REF_31,31.9,80,140,500,80,30,0.08,0.03,116.66666666666667,8.0,25.0,1102.0,974.0,5.07,"[31] S. Wang, TiC/Ti6Al4V composites by selective laser melting and microstructure evolution following different heat treatment, North University of China, 2022."
161,REF_31,31.9,80,80,300,80,30,0.08,0.03,111.11111111111111,8.0,25.0,1111.0,989.0,2.84,"[31] S. Wang, TiC/Ti6Al4V composites by selective laser melting and microstructure evolution following different heat treatment, North University of China, 2022."
162,REF_31,31.9,80,80,400,80,30,0.08,0.03,83.33333333333334,8.0,25.0,1154.0,1019.0,5.21,"[31] S. Wang, TiC/Ti6Al4V composites by selective laser melting and microstructure evolution following different heat treatment, North University of China, 2022."
163,REF_31,31.9,80,80,600,80,30,0.08,0.03,55.55555555555556,8.0,25.0,1169.0,1041.0,8.63,"[31] S. Wang, TiC/Ti6Al4V composites by selective laser melting and microstructure evolution following different heat treatment, North University of China, 2022."
164,REF_31,31.9,80,80,700,80,30,0.08,0.03,47.61904761904762,8.0,25.0,1131.0,995.0,9.91,"[31] S. Wang, TiC/Ti6Al4V composites by selective laser melting and microstructure evolution following different heat treatment, North University of China, 2022."
165,REF_31,31.9,80,80,800,80,30,0.08,0.03,41.66666666666667,8.0,25.0,1117.0,987.0,6.9,"[31] S. Wang, TiC/Ti6Al4V composites by selective laser melting and microstructure evolution following different heat treatment, North University of China, 2022."
166,REF_31,31.9,80,80,900,80,30,0.08,0.03,37.03703703703704,8.0,25.0,1049.0,920.0,5.88,"[31] S. Wang, TiC/Ti6Al4V composites by selective laser melting and microstructure evolution following different heat treatment, North University of China, 2022."
167,REF_31,31.9,80,80,1000,80,30,0.08,0.03,33.333333333333336,8.0,25.0,1044.0,907.0,6.18,"[31] S. Wang, TiC/Ti6Al4V composites by selective laser melting and microstructure evolution following different heat treatment, North University of China, 2022."
168,REF_31,31.9,80,80,1100,80,30,0.08,0.03,30.303030303030308,8.0,25.0,968.0,786.0,3.4,"[31] S. Wang, TiC/Ti6Al4V composites by selective laser melting and microstructure evolution following different heat treatment, North University of China, 2022."
169,REF_31,31.9,80,80,1200,80,30,0.08,0.03,27.77777777777778,8.0,25.0,884.0,709.0,3.62,"[31] S. Wang, TiC/Ti6Al4V composites by selective laser melting and microstructure evolution following different heat treatment, North University of China, 2022."
170,REF_31,31.9,80,80,600,60,30,0.06,0.03,74.07407407407408,8.0,25.0,1134.0,991.0,8.3,"[31] S. Wang, TiC/Ti6Al4V composites by selective laser melting and microstructure evolution following different heat treatment, North University of China, 2022."
171,REF_31,31.9,80,80,600,70,30,0.07,0.03,63.49206349206348,8.0,25.0,1153.0,1033.0,6.78,"[31] S. Wang, TiC/Ti6Al4V composites by selective laser melting and microstructure evolution following different heat treatment, North University of China, 2022."
172,REF_31,31.9,80,80,600,90,30,0.09,0.03,49.38271604938272,8.0,25.0,1148.0,1019.0,7.67,"[31] S. Wang, TiC/Ti6Al4V composites by selective laser melting and microstructure evolution following different heat treatment, North University of China, 2022."
173,REF_31,31.9,80,80,600,100,30,0.1,0.03,44.44444444444445,8.0,25.0,1131.0,1007.0,7.85,"[31] S. Wang, TiC/Ti6Al4V composites by selective laser melting and microstructure evolution following different heat treatment, North University of China, 2022."
